id;objet;slot;toile;rarete;for;int;cha;agi;vita;crit;res_terre;res_feu;res_eau;res_air;prospection;pa;att_pa;att_min;att_max;att_scaling;adapt;soin;source;att_cible;att_vamp;special
1;Chapeau de l'Aventurier;coiffe;1;commun;;;;;4;;1;1;;;;;;;;;2;;;;;
1;Chapeau de l'Aventurier;coiffe;1;rare;;;;;6;;1;1;;;;;;;;;3;;;;;
1;Chapeau de l'Aventurier;coiffe;1;epique;;;;;8;1;2;2;;;;;;;;;5;;;;;
1;Chapeau de l'Aventurier;coiffe;1;legendaire;;;;;12;2;3;3;;;;;;;;;6;;;;;
2;Cape de l'Aventurier;cape;1;commun;;;;;6;;1;1;;;2;;;;;;1;;;;;
2;Cape de l'Aventurier;cape;1;rare;;;;;8;;1;1;;;3;;;;;;2;;;;;
2;Cape de l'Aventurier;cape;1;epique;;;;;12;;2;2;;;4;;;;;;3;;;;;
2;Cape de l'Aventurier;cape;1;legendaire;;;;;20;;3;3;;;6;;;;;;4;;;;;
3;Anneau de l'Aventurier;anneau;1;commun;;;;;;1;;;;;;;;;;;3;;;;;
3;Anneau de l'Aventurier;anneau;1;rare;;;;;;1;;;;;;;;;;;4;;;;;
3;Anneau de l'Aventurier;anneau;1;epique;;;;;;1;;;;;;;;;;;5;;;;;
3;Anneau de l'Aventurier;anneau;1;legendaire;;;;;;2;;;;;;;;;;;7;;;;;
4;Épée de l'Aventurier;arme;1;commun;;;;;4;1;;;;;;;3;7;11;0.3;4;;;;;
4;Épée de l'Aventurier;arme;1;rare;;;;;6;1;;;;;;;3;7;11;0.3;6;;;;;
4;Épée de l'Aventurier;arme;1;epique;;;;;8;1;;;;;;;3;8;12;0.3;8;;;;;
4;Épée de l'Aventurier;arme;1;legendaire;;;;;12;2;;;;;;;3;9;13;0.32;10;;;;;
13;Coiffe Champ Champ;coiffe;2;commun;;;;;6;1;1;;1;;2;;;;;;3;;;;;
13;Coiffe Champ Champ;coiffe;2;rare;;;;;8;1;2;;2;;3;;;;;;4;;;;;
13;Coiffe Champ Champ;coiffe;2;epique;;;;;12;2;3;;3;;4;;;;;;6;;;;;
13;Coiffe Champ Champ;coiffe;2;legendaire;;;;;16;3;4;;4;;6;;;;;;8;;;;;
14;Cape Champ Champ;cape;2;commun;;;;;6;1;1;;1;;2;;;;;;2;;;;;
14;Cape Champ Champ;cape;2;rare;;;;;10;1;2;;2;;3;;;;;;3;;;;;
14;Cape Champ Champ;cape;2;epique;;;;;14;2;3;;3;;5;;;;;;5;;;;;
14;Cape Champ Champ;cape;2;legendaire;;;;;22;3;4;;4;;7;;;;;;7;;;;;
15;Anneau Champ Champ;anneau;2;commun;;;;;;1;;;;;;;;;;;4;;;;;
15;Anneau Champ Champ;anneau;2;rare;;;;;;2;;;;;;;;;;;5;;;;;
15;Anneau Champ Champ;anneau;2;epique;;;;;;2;;;;;;;;;;;6;;;;;
15;Anneau Champ Champ;anneau;2;legendaire;;;;;;3;;;;;;;;;;;8;;;;;
16;Bâton Carnivore;arme;2;commun;;;;;6;1;;;;;;;4;10;15;0.35;5;;;;;
16;Bâton Carnivore;arme;2;rare;;;;;8;1;;;;;;;4;10;15;0.35;7;;;;;
16;Bâton Carnivore;arme;2;epique;;;;;10;2;;;;;;;4;11;16;0.35;9;;;;;
16;Bâton Carnivore;arme;2;legendaire;;;;;12;3;;;;;;;4;12;18;0.38;12;;;;;
23;Anneau du Bandit;anneau;2;commun;;;;;6;3;;;;;2;;;;;;2;;elite;;;
23;Anneau du Bandit;anneau;2;rare;;;;;8;4;;;;;3;;;;;;2;;elite;;;
23;Anneau du Bandit;anneau;2;epique;;;;;10;5;;;;;4;;;;;;3;;elite;;;
23;Anneau du Bandit;anneau;2;legendaire;;;;;12;7;;;;;6;;;;;;4;;elite;;;
25;Arc en Racine d'Abraknyde;arme;2;epique;;;;;-20;;-5;-5;-5;-5;;1;3;5;8;0.25;;;elite;tous;;
25;Arc en Racine d'Abraknyde;arme;2;legendaire;;;;;-10;;-2;-2;-2;-2;;1;3;5;8;0.25;;;elite;tous;;
26;Coiffe Bouftou;coiffe;3;commun;;;;;;1;2;2;;;2;;;;;;3;;;;;
26;Coiffe Bouftou;coiffe;3;rare;;;;;;1;2;2;;;3;;;;;;5;;;;;
26;Coiffe Bouftou;coiffe;3;epique;;;;;;2;2;2;;;5;;;;;;7;;;;;
26;Coiffe Bouftou;coiffe;3;legendaire;;;;;;4;4;4;;;7;;;;;;12;;;;;
27;Cape du Bouftou;cape;3;commun;;;;;10;;2;2;;;3;;;;;;2;;;;;
27;Cape du Bouftou;cape;3;rare;;;;;14;;2;2;;;4;;;;;;3;;;;;
27;Cape du Bouftou;cape;3;epique;;;;;20;;3;3;;;6;;;;;;5;;;;;
27;Cape du Bouftou;cape;3;legendaire;;;;;30;;5;5;;;8;;;;;;7;;;;;
28;Anneau Bouftou;anneau;3;commun;;;;;;1;;;;;;;;;;;4;;;;;
28;Anneau Bouftou;anneau;3;rare;;;;;;1;;;;;;;;;;;5;;;;;
28;Anneau Bouftou;anneau;3;epique;;;;;;2;;;;;;;;;;;7;;;;;
28;Anneau Bouftou;anneau;3;legendaire;;;;;;4;;;;;;;;;;;9;;;;;
29;Marteau Bouftou;arme;3;commun;;;;;;1;;;;;;;4;12;17;0.4;7;;;;;
29;Marteau Bouftou;arme;3;rare;;;;;;1;;;;;;;4;12;17;0.4;9;;;;;
29;Marteau Bouftou;arme;3;epique;;;;;;2;;;;;;;4;13;18;0.4;11;;;;;
29;Marteau Bouftou;arme;3;legendaire;;;;;;3;;;;;;;4;14;20;0.42;14;;;;;
30;Boufcoiffe Royale;coiffe;3;commun;;;;;8;1;1;1;;;;;;;;;6;;boss;;;
30;Boufcoiffe Royale;coiffe;3;rare;;;;;12;1;1;1;;;;;;;;;8;;boss;;;
30;Boufcoiffe Royale;coiffe;3;epique;;;;;15;2;1;1;;;;;;;;;10;;boss;;;
30;Boufcoiffe Royale;coiffe;3;legendaire;;;;;22;3;2;2;;;;;;;;;16;;boss;;;
31;Boufcape Royale;cape;3;commun;;;;;16;;2;2;;;;;;;;;2;;boss;;;
31;Boufcape Royale;cape;3;rare;;;;;20;;2;2;;;;;;;;;4;;boss;;;
31;Boufcape Royale;cape;3;epique;;;;;30;;2;2;;;;;;;;;6;;boss;;;
31;Boufcape Royale;cape;3;legendaire;;;;;45;;4;4;;;;;;;;;8;;boss;;;
32;Alliance de Silimelle;anneau;3;commun;;;;;6;;1;1;1;1;2;;;;;;;;elite;;;
32;Alliance de Silimelle;anneau;3;rare;;;;;10;;1;1;1;1;4;;;;;;;;elite;;;
32;Alliance de Silimelle;anneau;3;epique;;;;;14;;1;1;1;1;6;;;;;;;;elite;;;
32;Alliance de Silimelle;anneau;3;legendaire;;;;;20;;2;2;2;2;9;;;;;;;;elite;;;
33;Arc en Corne de Bouftou;arme;3;commun;;;;;6;1;;;;;;;4;9;13;0.32;6;;elite;tous;;
33;Arc en Corne de Bouftou;arme;3;rare;;;;;8;1;;;;;;;4;9;13;0.32;8;;elite;tous;;
33;Arc en Corne de Bouftou;arme;3;epique;;;;;12;1;;;;;;;4;10;14;0.34;10;;elite;tous;;
33;Arc en Corne de Bouftou;arme;3;legendaire;;;;;16;2;;;;;;;4;11;15;0.35;12;;elite;tous;;
34;Ergot Mina;arme;3;commun;;;;;;;;;;;4;;3;6;9;0.3;1;;elite;;0.5;
34;Ergot Mina;arme;3;rare;;;;;;;;;;;6;;3;6;9;0.3;2;;elite;;0.5;
34;Ergot Mina;arme;3;epique;;;;;;;;;;;8;;3;7;10;0.32;3;;elite;;0.5;
34;Ergot Mina;arme;3;legendaire;;;;;;;;;;;12;;3;8;12;0.34;5;;elite;;0.5;
35;Coiffe du Tofu;coiffe;4;commun;;;;;;;;;;2;;;;;;;6;;;;;
35;Coiffe du Tofu;coiffe;4;rare;;;;;;;;;;4;;;;;;;8;;;;;
35;Coiffe du Tofu;coiffe;4;epique;;;;;;;;;;6;;;;;;;10;;;;;
35;Coiffe du Tofu;coiffe;4;legendaire;;;;;;;;;;8;;;;;;;16;;;;;
36;Cape du Tofu;cape;4;commun;;;;;;;;;;2;;;;;;;4;;;;;
36;Cape du Tofu;cape;4;rare;;;;;;;;;;4;;;;;;;6;;;;;
36;Cape du Tofu;cape;4;epique;;;;;;;;;;6;;;;;;;8;;;;;
36;Cape du Tofu;cape;4;legendaire;;;;;;;;;;8;;;;;;;12;;;;;
37;Anneau du Tofu;anneau;4;commun;;;;;;2;;;;;;;;;;;2;;;;;
37;Anneau du Tofu;anneau;4;rare;;;;;;2;;;;;;;;;;;3;;;;;
37;Anneau du Tofu;anneau;4;epique;;;;;;3;;;;;;;;;;;3;;;;;
37;Anneau du Tofu;anneau;4;legendaire;;;;;;5;;;;;;;;;;;4;;;;;
38;Baguette du Tofu;arme;4;commun;;;;;2;1;;;;;;;4;13;18;0.4;3;;;;;
38;Baguette du Tofu;arme;4;rare;;;;;4;1;;;;;;;4;13;18;0.4;4;;;;;
38;Baguette du Tofu;arme;4;epique;;;;;6;1;;;;;;;4;14;19;0.4;5;;;;;
38;Baguette du Tofu;arme;4;legendaire;;;;;10;2;;;;;;;4;15;21;0.42;6;;;;;
39;Le Houde;coiffe;4;commun;;;;;16;;1;1;1;;;;;;;;;;;;;
39;Le Houde;coiffe;4;rare;;;;;20;;2;2;2;;;;;;;;;;;;;
39;Le Houde;coiffe;4;epique;;;;;30;;2;2;2;;;;;;;;;;;;;
39;Le Houde;coiffe;4;legendaire;;;;;45;;4;4;4;;;;;;;;;;;;;
40;Bâton du Maître des Tabis;arme;4;commun;;;;;10;1;1;;2;2;;;4;12;16;0.38;;;;;;
40;Bâton du Maître des Tabis;arme;4;rare;;;;;14;1;1;;3;4;;;4;12;16;0.38;;;;;;
40;Bâton du Maître des Tabis;arme;4;epique;;;;;18;2;2;;5;6;;;4;13;17;0.38;;;;;;
40;Bâton du Maître des Tabis;arme;4;legendaire;;;;;25;3;3;;6;8;;;4;14;19;0.4;;;;;;
41;Chance d'Ecaflip;anneau;4;epique;;;;;;2;;;;;;;;;;;7;;boss;;;pa_gamble
41;Chance d'Ecaflip;anneau;4;legendaire;;;;;;4;;;;;;;;;;;10;;boss;;;pa_gamble
42;Cape Edepee;cape;4;epique;;;;;14;3;-6;-6;-6;-6;;;;;;;12;;boss;;;ligne_avant
42;Cape Edepee;cape;4;legendaire;;;;;20;5;-4;-4;-4;-4;;;;;;;20;;boss;;;ligne_avant
43;Chapeau du Directeur Grunob;coiffe;5;commun;;;;;4;;;;2;2;2;;;;;;6;;;;;
43;Chapeau du Directeur Grunob;coiffe;5;rare;;;;;8;;;;2;2;4;;;;;;8;;;;;
43;Chapeau du Directeur Grunob;coiffe;5;epique;;;;;12;;;;3;3;6;;;;;;10;;;;;
43;Chapeau du Directeur Grunob;coiffe;5;legendaire;;;;;16;;;;5;5;8;;;;;;16;;;;;
44;Faux du Directeur Grunob;arme;5;commun;;;;;6;1;;;;;;;4;14;19;0.42;3;;;;;
44;Faux du Directeur Grunob;arme;5;rare;;;;;8;2;;;;;;;4;14;19;0.42;4;;;;;
44;Faux du Directeur Grunob;arme;5;epique;;;;;10;2;;;;;;;4;15;20;0.42;5;;;;;
44;Faux du Directeur Grunob;arme;5;legendaire;;;;;16;3;;;;;;;4;16;22;0.44;6;;;;;
45;Bague Rafe;anneau;5;commun;;;;;10;2;;;;;;;;;;;;;;;;
45;Bague Rafe;anneau;5;rare;;;;;14;2;;;;;;;;;;;;;;;;
45;Bague Rafe;anneau;5;epique;;;;;18;3;;;;;;;;;;;;;;;;
45;Bague Rafe;anneau;5;legendaire;;;;;25;5;;;;;;;;;;;;;;;;
46;Cape Ricéfini;cape;5;commun;;;;;6;1;;;;;2;;;;;;4;;;;;
46;Cape Ricéfini;cape;5;rare;;;;;8;1;;;;;4;;;;;;6;;;;;
46;Cape Ricéfini;cape;5;epique;;;;;10;1;;;;;6;;;;;;8;;;;;
46;Cape Ricéfini;cape;5;legendaire;;;;;15;2;;;;;8;;;;;;10;;;;;
47;Abracape;cape;5;epique;;;;;10;;;;;;;1;;;;;-14;;boss;;;
47;Abracape;cape;5;legendaire;;;;;16;;;;;;;1;;;;;-10;;boss;;;
48;Dora;coiffe;5;epique;;;;;20;;2;2;2;2;6;;;;;;8;;elite_boss;;;
48;Dora;coiffe;5;legendaire;;;;;30;;4;4;4;4;8;;;;;;12;;elite_boss;;;
49;Bâton Tont'Ata;arme;5;commun;;;;;12;;1;1;1;1;;;4;17;23;0.45;-10;;elite_boss;;;
49;Bâton Tont'Ata;arme;5;rare;;;;;14;;1;1;1;1;;;4;17;23;0.45;-8;;elite_boss;;;
49;Bâton Tont'Ata;arme;5;epique;;;;;18;;2;2;2;2;;;4;18;25;0.46;-6;;elite_boss;;;
49;Bâton Tont'Ata;arme;5;legendaire;;;;;26;;3;3;3;3;;;4;20;27;0.48;-4;;elite_boss;;;
50;Sabre Shodanwa;arme;5;epique;;;;;6;4;;;;;;;4;15;21;0.44;10;;boss;;;riposte_avant
50;Sabre Shodanwa;arme;5;legendaire;;;;;10;6;;;;;;;4;16;23;0.46;18;;boss;;;riposte_avant
51;Casque Noix;coiffe;6;commun;;;;;10;;4;4;-4;-4;2;;;;;;4;;;;;
51;Casque Noix;coiffe;6;rare;;;;;12;;4;4;-4;-4;4;;;;;;6;;;;;
51;Casque Noix;coiffe;6;epique;;;;;20;;5;5;-3;-3;6;;;;;;8;;;;;
51;Casque Noix;coiffe;6;legendaire;;;;;30;;6;6;-2;-2;8;;;;;;12;;;;;
52;Cape Lumette;cape;6;commun;;;;;10;;4;4;;;2;;;;;;4;;;;;
52;Cape Lumette;cape;6;rare;;;;;12;;4;4;;;4;;;;;;6;;;;;
52;Cape Lumette;cape;6;epique;;;;;16;;5;5;;;6;;;;;;8;;;;;
52;Cape Lumette;cape;6;legendaire;;;;;22;;6;6;;;8;;;;;;10;;;;;
53;Anneau Bille;anneau;6;commun;;;;;6;;;;1;1;;;;;;;3;;;;;
53;Anneau Bille;anneau;6;rare;;;;;8;;;;1;1;;;;;;;5;;;;;
53;Anneau Bille;anneau;6;epique;;;;;10;;;;2;2;;;;;;;7;;;;;
53;Anneau Bille;anneau;6;legendaire;;;;;14;;;;3;3;;;;;;;8;;;;;
54;Baguette Cetera;arme;6;commun;;;;;10;;-4;-4;4;4;;;4;15;20;0.42;;;;;;
54;Baguette Cetera;arme;6;rare;;;;;12;;-4;-4;4;4;;;4;15;20;0.42;;;;;;
54;Baguette Cetera;arme;6;epique;;;;;16;;-3;-3;5;5;;;4;16;21;0.44;;;;;;
54;Baguette Cetera;arme;6;legendaire;;;;;30;;-2;-2;6;6;;;4;17;23;0.44;;;;;;
55;Baguette Rikiki;arme;6;epique;;;;;8;2;;;;;;;3;10;13;0.32;10;;boss;;;esquive_arriere
55;Baguette Rikiki;arme;6;legendaire;;;;;12;4;;;;;;;3;11;15;0.34;14;;boss;;;esquive_arriere
56;Goyave;coiffe;6;epique;;;;;20;;;;;;6;;;;;;8;;boss;;;soin_recus
56;Goyave;coiffe;6;legendaire;;;;;40;;;;;;8;;;;;;12;;boss;;;soin_recus
57;Couteau à Stek;arme;6;commun;;;;;8;1;;;;;;;3;9;12;0.3;4;;elite;;;
57;Couteau à Stek;arme;6;rare;;;;;10;2;;;;;;;3;9;12;0.3;5;;elite;;;
57;Couteau à Stek;arme;6;epique;;;;;12;2;;;;;;;3;10;13;0.32;6;;elite;;;
57;Couteau à Stek;arme;6;legendaire;;;;;18;3;;;;;;;3;11;15;0.34;10;;elite;;;
58;Grosse Bagouze du Parrain;anneau;6;commun;;;;;;2;;;;;;;;;;;4;;elite;;;
58;Grosse Bagouze du Parrain;anneau;6;rare;;;;;;2;;;;;;;;;;;6;;elite;;;
58;Grosse Bagouze du Parrain;anneau;6;epique;;;;;;3;;;;;;;;;;;10;;elite;;;
58;Grosse Bagouze du Parrain;anneau;6;legendaire;;;;;;4;;;;;;;;;;;12;;elite;;;
59;Shako;coiffe;7;commun;;;;;;2;;;;;;;;;;;8;;;;;
59;Shako;coiffe;7;rare;;;;;;2;;;;;;;;;;;10;;;;;
59;Shako;coiffe;7;epique;;;;;;3;;;;;;;;;;;12;;;;;
59;Shako;coiffe;7;legendaire;;;;;;5;;;;;;;;;;;20;;;;;
60;Cape du Boostache;cape;7;commun;;;;;;2;;;;;;;;;;;6;;;;;
60;Cape du Boostache;cape;7;rare;;;;;;2;;;;;;;;;;;8;;;;;
60;Cape du Boostache;cape;7;epique;;;;;;3;;;;;;;;;;;10;;;;;
60;Cape du Boostache;cape;7;legendaire;;;;;;5;;;;;;;;;;;14;;;;;
61;Anneau du Boostache;anneau;7;commun;;;;;;1;;;;;;;;;;;3;;;;;
61;Anneau du Boostache;anneau;7;rare;;;;;;1;;;;;;;;;;;4;;;;;
61;Anneau du Boostache;anneau;7;epique;;;;;;2;;;;;;;;;;;6;;;;;
61;Anneau du Boostache;anneau;7;legendaire;;;;;;3;;;;;;;;;;;8;;;;;
62;Pelle du Bois Dormant;arme;7;commun;;;;;;2;;;;;;;4;16;21;0.44;4;;;;;
62;Pelle du Bois Dormant;arme;7;rare;;;;;;2;;;;;;;4;16;21;0.44;6;;;;;
62;Pelle du Bois Dormant;arme;7;epique;;;;;;3;;;;;;;4;17;22;0.44;8;;;;;
62;Pelle du Bois Dormant;arme;7;legendaire;;;;;;4;;;;;;;4;18;24;0.46;12;;;;;
63;Dagues Eurfolles;arme;7;epique;;;;;14;;;;;;8;;3;11;14;0.34;7;;boss;;;change_ligne
63;Dagues Eurfolles;arme;7;legendaire;;;;;20;;;;;;19;;3;12;16;0.36;10;;boss;;;change_ligne
64;Cape du Vampyre;cape;7;epique;;;;;-16;1;;;;;;;;;;;14;;boss;;;
64;Cape du Vampyre;cape;7;legendaire;;;;;-10;2;;;;;;;;;;;22;;boss;;;
65;Anneau Forrain;anneau;7;commun;;;;;;;;;;;8;;;;;;2;;elite;;;
65;Anneau Forrain;anneau;7;rare;;;;;;;;;;;10;;;;;;3;;elite;;;
65;Anneau Forrain;anneau;7;epique;;;;;;;;;;;12;;;;;;4;;elite;;;
65;Anneau Forrain;anneau;7;legendaire;;;;;;;;;;;16;;;;;;6;;elite;;;
66;Masque Traumatisant;coiffe;7;commun;;;;;10;;4;4;;-4;2;;;;;;4;;elite;;;
66;Masque Traumatisant;coiffe;7;rare;;;;;14;;5;5;;-4;4;;;;;;6;;elite;;;
66;Masque Traumatisant;coiffe;7;epique;;;;;18;;6;6;;-3;6;;;;;;8;;elite;;;
66;Masque Traumatisant;coiffe;7;legendaire;;;;;22;;8;8;;-2;8;;;;;;12;;elite;;;
67;Scaracoiffe Noire;coiffe;8;commun;;;;;14;2;1;1;1;1;4;;;;;;6;;;;;
67;Scaracoiffe Noire;coiffe;8;rare;;;;;16;2;1;1;1;1;6;;;;;;8;;;;;
67;Scaracoiffe Noire;coiffe;8;epique;;;;;20;3;1;1;1;1;8;;;;;;10;;;;;
67;Scaracoiffe Noire;coiffe;8;legendaire;;;;;30;4;2;2;2;2;10;;;;;;14;;;;;
68;Scaracape Noire;cape;8;commun;;;;;12;2;1;1;1;1;2;;;;;;6;;;;;
68;Scaracape Noire;cape;8;rare;;;;;14;2;1;1;1;1;4;;;;;;8;;;;;
68;Scaracape Noire;cape;8;epique;;;;;20;3;1;1;1;1;6;;;;;;10;;;;;
68;Scaracape Noire;cape;8;legendaire;;;;;30;4;2;2;2;2;8;;;;;;12;;;;;
69;Scaranneau Noir;anneau;8;commun;;;;;6;1;1;1;1;1;;;;;;;4;;;;;
69;Scaranneau Noir;anneau;8;rare;;;;;8;1;1;1;1;1;;;;;;;6;;;;;
69;Scaranneau Noir;anneau;8;epique;;;;;12;2;1;1;1;1;;;;;;;8;;;;;
69;Scaranneau Noir;anneau;8;legendaire;;;;;20;3;2;2;2;2;;;;;;;10;;;;;
70;Baguette Scafeuille;arme;8;commun;;;;;10;1;1;1;1;1;;;4;17;22;0.44;6;;;;;
70;Baguette Scafeuille;arme;8;rare;;;;;12;2;1;1;1;1;;;4;17;22;0.44;7;;;;;
70;Baguette Scafeuille;arme;8;epique;;;;;14;2;1;1;1;1;;;4;18;23;0.44;9;;;;;
70;Baguette Scafeuille;arme;8;legendaire;;;;;20;3;2;2;2;2;;;4;19;25;0.46;11;;;;;
71;Baguette Ni'ninnin;arme;8;epique;;;;;-30;1;;;;;;1;3;8;11;0.3;2;;boss;;;
71;Baguette Ni'ninnin;arme;8;legendaire;;;;;-15;3;;;;;;1;3;9;12;0.3;6;;boss;;;
72;Palmano;anneau;8;epique;;;;;15;;4;-14;4;4;4;;;;;;;;boss;;;
72;Palmano;anneau;8;legendaire;;;;;25;;6;-10;6;6;8;;;;;;;;boss;;;
73;Anneau Poupayahn;anneau;8;commun;;;;;10;2;;;;;;;;;;;2;;elite;;;
73;Anneau Poupayahn;anneau;8;rare;;;;;14;2;;;;;;;;;;;3;;elite;;;
73;Anneau Poupayahn;anneau;8;epique;;;;;18;3;;;;;;;;;;;4;;elite;;;
73;Anneau Poupayahn;anneau;8;legendaire;;;;;25;5;;;;;;;;;;;6;;elite;;;
74;La Guenille;cape;8;commun;;;;;;4;;;;;2;;;;;;2;;elite;;;
74;La Guenille;cape;8;rare;;;;;;6;;;;;4;;;;;;3;;elite;;;
74;La Guenille;cape;8;epique;;;;;;8;;;;;6;;;;;;4;;elite;;;
74;La Guenille;cape;8;legendaire;;;;;;12;;;;;8;;;;;;6;;elite;;;
75;Vegacoiffe;coiffe;9;commun;;;;;;;;;;;6;;;;;;3;;;;;
75;Vegacoiffe;coiffe;9;rare;;;;;;;;;;;8;;;;;;5;;;;;
75;Vegacoiffe;coiffe;9;epique;;;;;;;;;;;10;;;;;;7;;;;;
75;Vegacoiffe;coiffe;9;legendaire;;;;;;;;;;;14;;;;;;10;;;;;
76;Vegacape;cape;9;commun;;;;;;;;;;;6;;;;;;2;;;;;
76;Vegacape;cape;9;rare;;;;;;;;;;;8;;;;;;4;;;;;
76;Vegacape;cape;9;epique;;;;;;;;;;;10;;;;;;6;;;;;
76;Vegacape;cape;9;legendaire;;;;;;;;;;;14;;;;;;8;;;;;
77;Veganneau;anneau;9;commun;;;;;;;;;;;2;;;;;;2;;;;;
77;Veganneau;anneau;9;rare;;;;;;;;;;;4;;;;;;4;;;;;
77;Veganneau;anneau;9;epique;;;;;;;;;;;6;;;;;;6;;;;;
77;Veganneau;anneau;9;legendaire;;;;;;;;;;;8;;;;;;8;;;;;
78;Vegaton;arme;9;commun;;;;;;;;;;;2;;4;18;23;0.46;2;;;;;
78;Vegaton;arme;9;rare;;;;;;;;;;;4;;4;18;23;0.46;4;;;;;
78;Vegaton;arme;9;epique;;;;;;;;;;;6;;4;19;24;0.46;6;;;;;
78;Vegaton;arme;9;legendaire;;;;;;;;;;;8;;4;20;26;0.48;8;;;;;
79;Dagues Aj'Deh'La;arme;9;rare;;;;;4;2;;1;;1;;;4;15;20;0.42;6;;elite;;;perce_res
79;Dagues Aj'Deh'La;arme;9;epique;;;;;6;3;;2;;2;;;4;16;21;0.42;10;;elite;;;perce_res
79;Dagues Aj'Deh'La;arme;9;legendaire;;;;;10;4;;4;;4;;;4;17;23;0.44;14;;elite;;;perce_res
80;Masse Aj Taye;arme;9;rare;;;;;12;;1;;1;;;;4;14;19;0.4;6;;elite;;;frappe_derriere
80;Masse Aj Taye;arme;9;epique;;;;;16;;2;;2;;;;4;15;20;0.4;8;;elite;;;frappe_derriere
80;Masse Aj Taye;arme;9;legendaire;;;;;24;;4;;4;;;;4;16;22;0.42;12;;elite;;;frappe_derriere
81;Caskoffre;coiffe;9;epique;;;;;15;;-6;-6;-6;-6;;;;;;;6;;boss;;;prosp_pv_manquant
81;Caskoffre;coiffe;9;legendaire;;;;;20;;-4;-4;-4;-4;;;;;;;10;;boss;;;prosp_pv_manquant
82;Ann'or;anneau;9;epique;;;;;10;1;-4;-4;-4;-4;;;;;;;6;;boss;;;mult_kamas
82;Ann'or;anneau;9;legendaire;;;;;18;2;-2;-2;-2;-2;;;;;;;8;;boss;;;mult_kamas
83;Chapeau Lithique;coiffe;10;commun;;;;;16;;1;1;1;1;;;;;;;4;;;;;
83;Chapeau Lithique;coiffe;10;rare;;;;;20;;1;1;1;1;;;;;;;6;;;;;
83;Chapeau Lithique;coiffe;10;epique;;;;;26;;2;2;2;2;;;;;;;8;;;;;
83;Chapeau Lithique;coiffe;10;legendaire;;;;;36;;3;3;3;3;;;;;;;10;;;;;
84;La Mokette;cape;10;commun;;;;;12;;1;1;1;1;;;;;;;4;;;;;
84;La Mokette;cape;10;rare;;;;;16;;1;1;1;1;;;;;;;5;;;;;
84;La Mokette;cape;10;epique;;;;;22;;2;2;2;2;;;;;;;6;;;;;
84;La Mokette;cape;10;legendaire;;;;;30;;3;3;3;3;;;;;;;8;;;;;
85;Bague Cristalline;anneau;10;commun;;;;;8;;1;1;1;1;;;;;;;;;;;;
85;Bague Cristalline;anneau;10;rare;;;;;12;1;1;1;1;1;;;;;;;;;;;;
85;Bague Cristalline;anneau;10;epique;;;;;16;1;1;1;1;1;;;;;;;;;;;;
85;Bague Cristalline;anneau;10;legendaire;;;;;22;2;2;2;2;2;;;;;;;;;;;;
86;Baguette Larvesque;arme;10;commun;;;;;8;;;;;;;;4;19;24;0.46;5;;;;;
86;Baguette Larvesque;arme;10;rare;;;;;10;;;;;;;;4;19;24;0.46;6;;;;;
86;Baguette Larvesque;arme;10;epique;;;;;14;;;;;;;;4;20;25;0.46;8;;;;;
86;Baguette Larvesque;arme;10;legendaire;;;;;20;;;;;;;;4;21;27;0.48;10;;;;;
87;Bonnet Spairance;coiffe;10;epique;;;;;25;;;;;;;;;;;;8;;boss;;;bouclier_debut
87;Bonnet Spairance;coiffe;10;legendaire;;;;;40;;;;;;;;;;;;12;;boss;;;bouclier_debut
88;Scalpel de Bworknroll;arme;10;epique;;;;;;3;;;;;;;4;18;23;0.46;10;;boss;;;poison_arme
88;Scalpel de Bworknroll;arme;10;legendaire;;;;;;4;;;;;;;4;20;26;0.48;14;;boss;;;poison_arme
89;Cape Sanguine;cape;10;commun;;;;;;1;;2;;;2;;;;;;3;;elite;;;
89;Cape Sanguine;cape;10;rare;;;;;;2;;2;;;4;;;;;;4;;elite;;;
89;Cape Sanguine;cape;10;epique;;;;;;2;;3;;;6;;;;;;6;;elite;;;
89;Cape Sanguine;cape;10;legendaire;;;;;;3;;4;;;8;;;;;;8;;elite;;;
90;Anneau de Grouillot;anneau;10;commun;;;;;10;;2;;;;;;;;;;3;;elite;;;
90;Anneau de Grouillot;anneau;10;rare;;;;;14;;2;;;;;;;;;;4;;elite;;;
90;Anneau de Grouillot;anneau;10;epique;;;;;18;;3;;;;;;;;;;6;;elite;;;
90;Anneau de Grouillot;anneau;10;legendaire;;;;;26;;4;;;;;;;;;;8;;elite;;;
91;Chapeau Akwadala;coiffe;11;commun;;;;;10;;;-2;3;;;;;;;;6;;;;;
91;Chapeau Akwadala;coiffe;11;rare;;;;;14;;;-2;3;;;;;;;;8;;;;;
91;Chapeau Akwadala;coiffe;11;epique;;;;;18;;;-1;4;;;;;;;;10;;;;;
91;Chapeau Akwadala;coiffe;11;legendaire;;;;;26;;;;6;;;;;;;;14;;;;;
92;Cape Akwadala;cape;11;commun;;;;;8;;;;;;;;;;;;4;4;;;;
92;Cape Akwadala;cape;11;rare;;;;;12;;;;;;;;;;;;6;6;;;;
92;Cape Akwadala;cape;11;epique;;;;;16;;;;;;;;;;;;8;8;;;;
92;Cape Akwadala;cape;11;legendaire;;;;;22;;;;;;;;;;;;10;12;;;;
93;Alliance Akwadala;anneau;11;commun;;;;;;2;;;;;;;;;;;4;;;;;
93;Alliance Akwadala;anneau;11;rare;;;;;;2;;;;;;;;;;;5;;;;;
93;Alliance Akwadala;anneau;11;epique;;;;;;3;;;;;;;;;;;7;;;;;
93;Alliance Akwadala;anneau;11;legendaire;;;;;;4;;;;;;;;;;;9;;;;;
94;Bâton Akwadala;arme;11;commun;;;;;6;;;;;;;;4;20;25;0.48;6;;;;;
94;Bâton Akwadala;arme;11;rare;;;;;8;;;;;;;;4;20;25;0.48;7;;;;;
94;Bâton Akwadala;arme;11;epique;;;;;12;;;;;;;;4;21;26;0.48;9;;;;;
94;Bâton Akwadala;arme;11;legendaire;;;;;16;;;;;;;;4;22;28;0.5;11;;;;;
95;Masse du Corailleur;arme;11;epique;;;;;;3;;;;;;;4;19;24;0.48;12;;boss;;;soin_allie
95;Masse du Corailleur;arme;11;legendaire;;;;;;5;;;;;;;4;21;27;0.5;16;;boss;;;soin_allie
96;Alliance de Corail;anneau;11;epique;;;;;15;;-3;-3;-3;-3;;;;;;;;10;boss;;;
96;Alliance de Corail;anneau;11;legendaire;;;;;25;;-2;-2;-2;-2;;;;;;;;16;boss;;;
97;Arc des Rivages;arme;11;rare;;;;;8;;;;;;;;4;17;22;0.44;6;;elite;;;retrait_pa
97;Arc des Rivages;arme;11;epique;;;;;12;;;;;;;;4;18;23;0.44;8;;elite;;;retrait_pa
97;Arc des Rivages;arme;11;legendaire;;;;;16;;;;;;;;4;19;25;0.46;12;;elite;;;retrait_pa
98;Scaphandre Ojine;coiffe;11;commun;;;;;12;;;;3;2;;;;;;;3;;elite;;;
98;Scaphandre Ojine;coiffe;11;rare;;;;;16;;;;3;2;;;;;;;4;;elite;;;
98;Scaphandre Ojine;coiffe;11;epique;;;;;20;;;;4;3;;;;;;;6;;elite;;;
98;Scaphandre Ojine;coiffe;11;legendaire;;;;;28;;;;5;4;;;;;;;8;;elite;;;
99;Kwakoiffe de Flammes;coiffe;12;commun;;;;;12;;1;1;1;1;;;;;;;8;;;;;
99;Kwakoiffe de Flammes;coiffe;12;rare;;;;;16;;2;2;2;2;;;;;;;10;;;;;
99;Kwakoiffe de Flammes;coiffe;12;epique;;;;;22;;2;2;2;2;;;;;;;14;;;;;
99;Kwakoiffe de Flammes;coiffe;12;legendaire;;;;;30;;3;3;3;3;;;;;;;18;;;;;
100;Kwape de Glace;cape;12;commun;;;;;10;;1;1;1;1;;;;;;;7;;;;;
100;Kwape de Glace;cape;12;rare;;;;;14;;2;2;2;2;;;;;;;9;;;;;
100;Kwape de Glace;cape;12;epique;;;;;20;;2;2;2;2;;;;;;;12;;;;;
100;Kwape de Glace;cape;12;legendaire;;;;;28;;3;3;3;3;;;;;;;16;;;;;
101;Kwakanneau de Terre;anneau;12;commun;;;;;;1;;;;;;;;;;;6;;;;;
101;Kwakanneau de Terre;anneau;12;rare;;;;;;2;;;;;;;;;;;8;;;;;
101;Kwakanneau de Terre;anneau;12;epique;;;;;;3;;;;;;;;;;;10;;;;;
101;Kwakanneau de Terre;anneau;12;legendaire;;;;;;4;;;;;;;;;;;13;;;;;
102;Kwaklame de Vent;arme;12;commun;;;;;;2;;;;;;;4;21;26;0.5;8;;;;;
102;Kwaklame de Vent;arme;12;rare;;;;;;2;;;;;;;4;21;26;0.5;10;;;;;
102;Kwaklame de Vent;arme;12;epique;;;;;;3;;;;;;;4;22;27;0.5;12;;;;;
102;Kwaklame de Vent;arme;12;legendaire;;;;;;4;;;;;;;4;24;30;0.52;15;;;;;
103;Kwakwaffe;coiffe;12;epique;;;;;16;;;;;;;;;;;;14;;boss;;;element_libre
103;Kwakwaffe;coiffe;12;legendaire;;;;;26;;;;;;;;;;;;20;;boss;;;element_libre
104;Kwakwanneau;anneau;12;epique;;;;;20;;2;2;2;2;;;;;;;;;boss;;;renaissance
104;Kwakwanneau;anneau;12;legendaire;;;;;30;;3;3;3;3;;;;;;;;;boss;;;renaissance
105;Kwakwalame;arme;12;rare;;;;;;4;;;;;;;4;19;24;0.48;8;;elite;;;
105;Kwakwalame;arme;12;epique;;;;;;6;;;;;;;4;20;25;0.48;10;;elite;;;
105;Kwakwalame;arme;12;legendaire;;;;;;8;;;;;;;4;21;27;0.5;14;;elite;;;
106;Bandeau Rokwa;coiffe;12;commun;;;;;10;;;;;;4;;;;;;6;;elite;;;
106;Bandeau Rokwa;coiffe;12;rare;;;;;14;;;;;;6;;;;;;8;;elite;;;
106;Bandeau Rokwa;coiffe;12;epique;;;;;18;;;;;;8;;;;;;10;;elite;;;
106;Bandeau Rokwa;coiffe;12;legendaire;;;;;24;;;;;;10;;;;;;13;;elite;;;
